surname;name;patronymic;email;telephone;country;region;destrict;city;street;home;liter;flat
Смирнов;Павел;Эдуардович;smirnov@mail.ru;8(917)387-21-21;Россия;Марий Эл;Медведивский район;Йошкар-Ола;Первомайская;100;;34
Колесников;Дмитрий;Васильевич;d.koll@gmail.com;8(937)671-90-90;Россия;Краснодарский край;-;Краснодар;Ростовское шоссе;90;;45
Синицкая;Екатерина;Михайловна;sinickaia@yandex.ru;8(902)623-45-31;Россия;Республика Татарстан;-;Казань;Вознесенский тракт;19;;51
Троегубова;Галина;Фёдоровна;galia.f@gmail.com;8(937)908-32-56;Россия;Республика Крым;-;Симферополь;Садовая;53;;21
Алексеев;Александр;Петрович;star.alex@mail.ru;8(937) 890-38-19;Россия;Марий Эл;Медведивский район;Йошкар-Ола;Фестивальная;13;;61
Добродеева;Александра;Николаевна;good.aleksandra@mail.com;8(909)112-87-93;Россия;Кировская область;-;Киров;Кирпичная;187;;39
Изиков;Фёдор;Михайлович;izikov@yandex.ru;8(917)444-76-76;Россия;Ставропольский край;-;Ставрополь;Ленина;233;;12
Стрельникова;Виктория;Олеговна;victory@gmail.com;8(927)555-17-30;Россия;Московская область;-;Москва;Ленинградская;500;;87
Петров;Михаил;Олегович;petr.m@mail.ru;8(927)999-41-73;Россия;Приморский край;-;Владивосток;Снеговая;45;;67
Сиваева;Екатерина;Семёновна;great@gmail.com;8(909)187-32-96;Россия;Республика Татарстан;-;Казань;проспект Ленина;37;;65
Измаилов;Александр;Васильевич;izmailov@yandex.ru;8(917)890-28-21;Россия;Ленинградская область;-;Санкт-Петербург;Невский проспект;50;;87
Слуцкая;Анастасия;Семёновна;nastia.s@mail.ru;8(927)376-74-98;Россия;Нижегородская область;-;Нижний Новгород;Красноармейская;15;;76
